-- Event System Pro PostgreSQL schema and seed data
-- Baseline for database: event_system_pro

-- Step 1: create database (as superuser)
--   psql -U postgres -c "CREATE DATABASE event_system_pro WITH ENCODING 'UTF8' TEMPLATE template0;"
--
-- Step 2: apply schema and seed data
--   psql -U postgres -d event_system_pro -f database/event-system-pro/evp_schema_postgresql.sql

\connect event_system_pro

SET client_encoding = 'UTF8';

DROP TABLE IF EXISTS user_preference CASCADE;
DROP TABLE IF EXISTS fight_event_staff CASCADE;
DROP TABLE IF EXISTS contest_heat CASCADE;
DROP TABLE IF EXISTS judging_panel CASCADE;
DROP TABLE IF EXISTS competitor CASCADE;
DROP TABLE IF EXISTS contest CASCADE;
DROP TABLE IF EXISTS contact CASCADE;
DROP TABLE IF EXISTS image CASCADE;
DROP TABLE IF EXISTS system_config CASCADE;
DROP TABLE IF EXISTS charter CASCADE;
DROP TABLE IF EXISTS "user" CASCADE;
DROP TABLE IF EXISTS "event" CASCADE;
DROP TABLE IF EXISTS event_group CASCADE;
DROP TABLE IF EXISTS event_type_lu CASCADE;
DROP TABLE IF EXISTS skill_level_lu CASCADE;
DROP TABLE IF EXISTS secret_question_lu CASCADE;
DROP TABLE IF EXISTS us_state_lu CASCADE;
DROP TABLE IF EXISTS country_lu CASCADE;
DROP TABLE IF EXISTS competitor_type_lu CASCADE;


-- Table: competitor_type_lu
CREATE TABLE IF NOT EXISTS competitor_type_lu (
  competitor_type_id INTEGER NOT NULL,
  description varchar(32) NOT NULL,
  created_date TIMESTAMPTZ NOT NULL DEFAULT CURRENT_TIMESTAMP,
  created_by varchar(128) NOT NULL DEFAULT 'c-agent',
  modified_date TIMESTAMPTZ NULL DEFAULT NULL,
  modified_by varchar(128) NULL DEFAULT NULL,
PRIMARY KEY (competitor_type_id)
);

-- Table: country_lu
CREATE TABLE IF NOT EXISTS country_lu (
  country_id INTEGER GENERATED BY DEFAULT AS IDENTITY,
  iso2 char(2) DEFAULT NULL,
  short_name varchar(80) NOT NULL DEFAULT '',
  long_name varchar(80) NOT NULL DEFAULT '',
  iso3 varchar(3) DEFAULT NULL,
  numcode varchar(6) DEFAULT NULL,
  un_member varchar(12) DEFAULT NULL,
  calling_code varchar(8) DEFAULT NULL,
  cctld varchar(5) DEFAULT NULL,
  active BOOLEAN DEFAULT TRUE,
  created_date TIMESTAMPTZ NOT NULL DEFAULT CURRENT_TIMESTAMP,
  created_by varchar(128) NOT NULL DEFAULT 'c-agent',
  modified_date TIMESTAMPTZ NULL DEFAULT NULL,
  modified_by varchar(128) NULL DEFAULT NULL,
PRIMARY KEY (country_id)
);
CREATE INDEX IF NOT EXISTS iso3 ON country_lu (iso3);

-- Table: us_state_lu
CREATE TABLE IF NOT EXISTS us_state_lu (
  id SMALLINT GENERATED BY DEFAULT AS IDENTITY,
  code char(2) NOT NULL,
  name varchar(64) NOT NULL,
  active BOOLEAN DEFAULT TRUE,
  created_date TIMESTAMPTZ NOT NULL DEFAULT CURRENT_TIMESTAMP,
  created_by varchar(128) NOT NULL DEFAULT 'c-agent',
  modified_date TIMESTAMPTZ NULL DEFAULT NULL,
  modified_by varchar(128) NULL DEFAULT NULL,
PRIMARY KEY (id)
);

-- Table: secret_question_lu
CREATE TABLE IF NOT EXISTS secret_question_lu (
  secret_question_id INTEGER GENERATED BY DEFAULT AS IDENTITY,
  question varchar(256) NOT NULL,
  created_date TIMESTAMPTZ NOT NULL DEFAULT CURRENT_TIMESTAMP,
  created_by varchar(128) NOT NULL DEFAULT 'c-agent',
  modified_date TIMESTAMPTZ NULL DEFAULT NULL,
  modified_by varchar(128) NULL DEFAULT NULL,
PRIMARY KEY (secret_question_id)
);

-- Table: skill_level_lu
CREATE TABLE IF NOT EXISTS skill_level_lu (
  skill_level_id INTEGER GENERATED BY DEFAULT AS IDENTITY,
  full_name varchar(32) DEFAULT NULL,
  abbr_name varchar(16) DEFAULT NULL,
  skill_level_group_id INTEGER DEFAULT NULL,
  ranking INTEGER DEFAULT NULL,
  created_date TIMESTAMPTZ NOT NULL DEFAULT CURRENT_TIMESTAMP,
  created_by varchar(128) NOT NULL DEFAULT 'c-agent',
  modified_date TIMESTAMPTZ NULL DEFAULT NULL,
  modified_by varchar(128) NULL DEFAULT NULL,
PRIMARY KEY (skill_level_id)
);

-- Table: event_type_lu
CREATE TABLE IF NOT EXISTS event_type_lu (
  event_type_code varchar(32) NOT NULL,
  description_json JSONB,
  created_date TIMESTAMPTZ NOT NULL DEFAULT CURRENT_TIMESTAMP,
  created_by varchar(32) NOT NULL,
  modified_date TIMESTAMPTZ NULL DEFAULT NULL,
  modified_by varchar(32) NULL DEFAULT NULL,
PRIMARY KEY (event_type_code)
);

-- Table: event_group
CREATE TABLE IF NOT EXISTS event_group (
  event_group_code varchar(64) NOT NULL DEFAULT '',
  full_name varchar(64) NOT NULL DEFAULT '',
  short_name varchar(32) DEFAULT NULL,
  created_date TIMESTAMPTZ NOT NULL DEFAULT CURRENT_TIMESTAMP,
  created_by varchar(32) DEFAULT NULL,
  modified_date TIMESTAMPTZ DEFAULT NULL,
  modified_by varchar(32) DEFAULT NULL,
PRIMARY KEY (event_group_code)
);

-- Table: event
CREATE TABLE IF NOT EXISTS "event" (
  event_id BIGINT GENERATED BY DEFAULT AS IDENTITY,
  event_group_code varchar(64) DEFAULT NULL,
  name varchar(64) DEFAULT NULL,
  contact_user_id bigint DEFAULT NULL,
  host_charter_id bigint DEFAULT NULL,
  country_code varchar(3) NOT NULL,
  state_or_province varchar(255) DEFAULT NULL,
  location_json varchar(4000) DEFAULT NULL,
  active BOOLEAN DEFAULT TRUE,
  number_of_days SMALLINT DEFAULT NULL,
  start_date TIMESTAMPTZ NULL DEFAULT NULL,
  end_date TIMESTAMPTZ NULL DEFAULT NULL,
  created_date TIMESTAMPTZ NOT NULL DEFAULT CURRENT_TIMESTAMP,
  created_by varchar(128) NOT NULL,
  modified_date TIMESTAMPTZ NULL DEFAULT NULL,
  modified_by varchar(128) NULL DEFAULT NULL,
PRIMARY KEY (event_id),
CONSTRAINT fk_event_event_group FOREIGN KEY (event_group_code) REFERENCES event_group (event_group_code)
);

-- Table: charter
CREATE TABLE IF NOT EXISTS charter (
  club_id BIGINT GENERATED BY DEFAULT AS IDENTITY,
  name varchar(64) DEFAULT NULL,
  nick_name varchar(128) NOT NULL,
  contact1_user_id bigint DEFAULT NULL,
  contact2_user_id bigint DEFAULT NULL,
  country_code varchar(3) NOT NULL,
  state_or_province varchar(255) NOT NULL,
  active BOOLEAN DEFAULT TRUE,
  created_date TIMESTAMPTZ NOT NULL DEFAULT CURRENT_TIMESTAMP,
  created_by varchar(128) NOT NULL,
  modified_date TIMESTAMPTZ NULL DEFAULT NULL,
  modified_by varchar(128) NULL DEFAULT NULL,
PRIMARY KEY (club_id)
);

-- Table: user
CREATE TABLE IF NOT EXISTS "user" (
  user_id BIGINT GENERATED BY DEFAULT AS IDENTITY,
  username varchar(64) NOT NULL UNIQUE,
  password_encrypted varchar(64) NOT NULL,
  name_json json DEFAULT NULL,
  email varchar(64) NOT NULL,
  phone_numbers_json json DEFAULT NULL,
  social_media_json json DEFAULT NULL,
  volunteer_json json DEFAULT NULL,
  password_recovery_json json NOT NULL DEFAULT '{}'::json,
  additional_info_json json DEFAULT NULL,
  addresses_json json DEFAULT NULL,
  active BOOLEAN DEFAULT TRUE,
  created_date TIMESTAMPTZ NOT NULL DEFAULT CURRENT_TIMESTAMP,
  created_by varchar(128) NOT NULL,
  modified_date TIMESTAMPTZ NULL DEFAULT NULL,
  modified_by varchar(128) NULL DEFAULT NULL,
PRIMARY KEY (user_id)
);

-- Table: contact
CREATE TABLE IF NOT EXISTS contact (
  contact_id BIGINT GENERATED BY DEFAULT AS IDENTITY,
  location_id INTEGER DEFAULT NULL,
  first_name varchar(32) NOT NULL,
  last_name varchar(32) DEFAULT NULL,
  middle_initial varchar(16) DEFAULT NULL,
  name_prefix varchar(8) DEFAULT NULL,
  name_suffix varchar(8) DEFAULT NULL,
  primary_phone_area_code SMALLINT DEFAULT NULL,
  primary_phone_rest INTEGER DEFAULT NULL,
  secondary_phone_area_code SMALLINT DEFAULT NULL,
  secondary_phone_rest INTEGER DEFAULT NULL,
  email1 varchar(64) DEFAULT NULL,
  email2 varchar(64) DEFAULT NULL,
  social_media_1 varchar(64) DEFAULT NULL,
  social_media_2 varchar(64) DEFAULT NULL,
  url1 varchar(256) DEFAULT NULL,
  url2 varchar(256) DEFAULT NULL,
  active BOOLEAN NOT NULL DEFAULT TRUE,
  created_date TIMESTAMPTZ NOT NULL DEFAULT CURRENT_TIMESTAMP,
  created_by varchar(128) NOT NULL DEFAULT 'c-agent',
  modified_date TIMESTAMPTZ NULL DEFAULT NULL,
  modified_by varchar(128) NULL DEFAULT NULL,
PRIMARY KEY (contact_id)
);

-- Table: image
CREATE TABLE IF NOT EXISTS image (
  image_id BIGINT GENERATED BY DEFAULT AS IDENTITY,
  name varchar(64) DEFAULT '',
  description varchar(64) DEFAULT '',
  source varchar(64) DEFAULT NULL,
  image BYTEA,
  created_date TIMESTAMPTZ NOT NULL DEFAULT CURRENT_TIMESTAMP,
  created_by varchar(128) NOT NULL DEFAULT 'c-agent',
  modified_date TIMESTAMPTZ NULL DEFAULT NULL,
  modified_by varchar(128) NULL DEFAULT NULL,
PRIMARY KEY (image_id)
);

-- Table: system_config
CREATE TABLE IF NOT EXISTS system_config (
  system_config_id BIGINT GENERATED BY DEFAULT AS IDENTITY,
  label varchar(64) DEFAULT NULL,
  value varchar(256) DEFAULT NULL,
  active BOOLEAN DEFAULT TRUE,
  created_by varchar(128) DEFAULT NULL,
  created_date TIMESTAMPTZ NOT NULL DEFAULT CURRENT_TIMESTAMP,
  modified_by varchar(128) DEFAULT NULL,
  modified_date TIMESTAMPTZ NULL DEFAULT NULL,
PRIMARY KEY (system_config_id)
);

-- Table: contest
CREATE TABLE IF NOT EXISTS contest (
  contest_id bigint NOT NULL,
  event_id bigint DEFAULT NULL,
  competitors_json JSONB NOT NULL,
  results_json JSONB NOT NULL,
  age_division_id INTEGER DEFAULT NULL,
  created_by varchar(31) NOT NULL,
  created_date date NOT NULL,
  current_heat_id INTEGER DEFAULT NULL,
  current_heat_index INTEGER DEFAULT NULL,
  event_type_code varchar(32) NOT NULL,
  media_links_json varchar(255) DEFAULT NULL,
  is_active INTEGER NOT NULL,
  is_cancelled INTEGER DEFAULT NULL,
  staff_json varchar(1000) DEFAULT NULL,
  location_json varchar(1000) DEFAULT NULL,
  male_or_female varchar(1) DEFAULT NULL,
  modified_by varchar(31) NOT NULL,
  modified_date date NOT NULL,
  number_of_heats INTEGER DEFAULT NULL,
  original_end_time date DEFAULT NULL,
  original_start_time date NOT NULL,
  primary_contact_id INTEGER DEFAULT NULL,
  pushed_back_end_time date DEFAULT NULL,
  pushed_back_start_time date DEFAULT NULL,
PRIMARY KEY (contest_id),
CONSTRAINT contest_ibfk_1 FOREIGN KEY (event_id) REFERENCES "event" (event_id)
);
CREATE INDEX IF NOT EXISTS event_id ON contest (event_id);

-- Table: judging_panel
-- judges_json shape: [{"name": "...", "judge_id": <number|string>}]
CREATE TABLE IF NOT EXISTS judging_panel (
  judging_panel_id INTEGER GENERATED BY DEFAULT AS IDENTITY,
  event_id bigint NOT NULL,
  contest_id bigint NOT NULL,
  judges_json JSONB NOT NULL DEFAULT '[]'::jsonb,
  created_by varchar(128) NOT NULL,
  created_date TIMESTAMPTZ NOT NULL DEFAULT CURRENT_TIMESTAMP,
  modified_by varchar(128) NULL DEFAULT NULL,
  modified_date TIMESTAMPTZ NULL DEFAULT NULL,
PRIMARY KEY (judging_panel_id),
CONSTRAINT judging_panel_fk_event FOREIGN KEY (event_id) REFERENCES "event" (event_id) ON DELETE RESTRICT,
CONSTRAINT judging_panel_fk_contest FOREIGN KEY (contest_id) REFERENCES contest (contest_id) ON DELETE RESTRICT
);
CREATE INDEX IF NOT EXISTS judging_panel_fk_event ON judging_panel (event_id);
CREATE INDEX IF NOT EXISTS judging_panel_fk_contest ON judging_panel (contest_id);

-- Table: competitor
CREATE TABLE IF NOT EXISTS competitor (
  competitor_id BIGINT GENERATED BY DEFAULT AS IDENTITY,
  contest_id bigint NOT NULL,
  event_id bigint NOT NULL,
  user_id bigint DEFAULT NULL,
  first_name varchar(32) DEFAULT NULL,
  last_name varchar(32) DEFAULT NULL,
  gear_json varchar(255) DEFAULT NULL,
  competitor_type_id INTEGER DEFAULT NULL,
  created_date TIMESTAMPTZ NOT NULL DEFAULT CURRENT_TIMESTAMP,
  created_by varchar(128) NOT NULL DEFAULT 'c-agent',
  modified_date TIMESTAMPTZ NULL DEFAULT NULL,
  modified_by varchar(128) NULL DEFAULT NULL,
PRIMARY KEY (competitor_id),
CONSTRAINT competitor_fk_contest FOREIGN KEY (contest_id) REFERENCES contest (contest_id) ON DELETE RESTRICT,
CONSTRAINT competitor_fk_event FOREIGN KEY (event_id) REFERENCES "event" (event_id) ON DELETE RESTRICT,
CONSTRAINT competitor_fk_user FOREIGN KEY (user_id) REFERENCES "user" (user_id) ON DELETE RESTRICT ON UPDATE RESTRICT
);
CREATE INDEX IF NOT EXISTS fk_competitor_type ON competitor (competitor_type_id);
CREATE INDEX IF NOT EXISTS competitor_fk_contest ON competitor (contest_id);
CREATE INDEX IF NOT EXISTS competitor_fk_event ON competitor (event_id);
CREATE INDEX IF NOT EXISTS fk_competitor_user_id ON competitor (user_id);

-- Table: contest_heat
CREATE TABLE IF NOT EXISTS contest_heat (
  heat_id BIGINT GENERATED BY DEFAULT AS IDENTITY,
  event_id bigint NOT NULL,
  contest_id bigint NOT NULL,
  is_currently_being_run INTEGER DEFAULT NULL,
  original_start_time TIMESTAMPTZ DEFAULT NULL,
  original_end_time TIMESTAMPTZ DEFAULT NULL,
  pushed_back_start_time TIMESTAMPTZ DEFAULT NULL,
  pushed_back_end_time TIMESTAMPTZ DEFAULT NULL,
  heat_index INTEGER DEFAULT NULL,
  next_heat_id INTEGER DEFAULT NULL,
  judging_panel_id INTEGER DEFAULT NULL,
  all_judges_finished_scoring INTEGER DEFAULT NULL,
  num_judges_wanting_more INTEGER DEFAULT NULL,
  has_mixed_divisions INTEGER DEFAULT NULL,
  created_by varchar(128) NOT NULL,
  created_date varchar(128) NOT NULL,
  modified_by varchar(128) NULL DEFAULT NULL,
  modified_date varchar(128) NOT NULL,
PRIMARY KEY (heat_id),
CONSTRAINT heat_fk_contest FOREIGN KEY (contest_id) REFERENCES contest (contest_id),
CONSTRAINT heat_fk_event FOREIGN KEY (event_id) REFERENCES "event" (event_id)
);
CREATE INDEX IF NOT EXISTS heat_fk_contest ON contest_heat (contest_id);
CREATE INDEX IF NOT EXISTS heat_fk_event ON contest_heat (event_id);

-- Table: fight_event_staff
CREATE TABLE IF NOT EXISTS fight_event_staff (
  fight_staff_id INTEGER GENERATED BY DEFAULT AS IDENTITY,
  fight_event_id bigint DEFAULT NULL,
  event_group_code varchar(16) DEFAULT NULL,
  fight_directors_json varchar(128) DEFAULT NULL,
  judges_json varchar(1000) DEFAULT NULL,
  volunteers_json varchar(1000) DEFAULT NULL,
  contact_id INTEGER DEFAULT NULL,
  is_active INTEGER DEFAULT '1',
  created_date TIMESTAMPTZ NOT NULL DEFAULT CURRENT_TIMESTAMP,
  created_by varchar(32) NOT NULL,
  modified_date TIMESTAMPTZ NULL DEFAULT NULL,
  modified_by varchar(32) NOT NULL,
PRIMARY KEY (fight_staff_id),
CONSTRAINT fight_event_staff_fk_event FOREIGN KEY (fight_event_id) REFERENCES "event" (event_id) ON DELETE RESTRICT
);
CREATE INDEX IF NOT EXISTS fk_staff_contact_id ON fight_event_staff (contact_id);
CREATE INDEX IF NOT EXISTS fk_staff_group_code ON fight_event_staff (event_group_code);
CREATE INDEX IF NOT EXISTS fight_event_staff_fk_event ON fight_event_staff (fight_event_id);

-- Table: user_preference
CREATE TABLE IF NOT EXISTS user_preference (
  user_preference_id BIGINT GENERATED BY DEFAULT AS IDENTITY,
  user_id bigint DEFAULT NULL,
  label varchar(64) DEFAULT NULL,
  value varchar(256) DEFAULT NULL,
  active BOOLEAN DEFAULT TRUE,
  created_by varchar(128) DEFAULT NULL,
  created_date TIMESTAMPTZ NOT NULL DEFAULT CURRENT_TIMESTAMP,
  modified_by varchar(128) DEFAULT NULL,
  modified_date TIMESTAMPTZ NULL DEFAULT NULL,
PRIMARY KEY (user_preference_id),
CONSTRAINT user_preference_ibfk_1 FOREIGN KEY (user_id) REFERENCES "user" (user_id) ON DELETE RESTRICT ON UPDATE RESTRICT
);
CREATE INDEX IF NOT EXISTS fk_up_user_id ON user_preference (user_id);

-- Seed data

INSERT INTO country_lu VALUES ('1', 'AF', 'Afghanistan', 'Islamic Republic of Afghanistan', 'AFG', '004', 'yes', '93', '.af', TRUE);
INSERT INTO country_lu VALUES ('3', 'AL', 'Albania', 'Republic of Albania', 'ALB', '008', 'yes', '355', '.al', TRUE);
INSERT INTO country_lu VALUES ('4', 'DZ', 'Algeria', 'People''s Democratic Republic of Algeria', 'DZA', '012', 'yes', '213', '.dz', TRUE);
INSERT INTO country_lu VALUES ('5', 'AS', 'American Samoa', 'American Samoa', 'ASM', '016', 'no', '1+684', '.as', TRUE);
INSERT INTO country_lu VALUES ('6', 'AD', 'Andorra', 'Principality of Andorra', 'AND', '020', 'yes', '376', '.ad', TRUE);
INSERT INTO country_lu VALUES ('7', 'AO', 'Angola', 'Republic of Angola', 'AGO', '024', 'yes', '244', '.ao', TRUE);
INSERT INTO country_lu VALUES ('8', 'AI', 'Anguilla', 'Anguilla', 'AIA', '660', 'no', '1+264', '.ai', TRUE);
INSERT INTO country_lu VALUES ('9', 'AQ', 'Antarctica', 'Antarctica', 'ATA', '010', 'no', '672', '.aq', TRUE);
INSERT INTO country_lu VALUES ('10', 'AG', 'Antigua and Barbuda', 'Antigua and Barbuda', 'ATG', '028', 'yes', '1+268', '.ag', TRUE);
INSERT INTO country_lu VALUES ('11', 'AR', 'Argentina', 'Argentine Republic', 'ARG', '032', 'yes', '54', '.ar', TRUE);
INSERT INTO country_lu VALUES ('12', 'AM', 'Armenia', 'Republic of Armenia', 'ARM', '051', 'yes', '374', '.am', TRUE);
INSERT INTO country_lu VALUES ('13', 'AW', 'Aruba', 'Aruba', 'ABW', '533', 'no', '297', '.aw', TRUE);
INSERT INTO country_lu VALUES ('14', 'AU', 'Australia', 'Commonwealth of Australia', 'AUS', '036', 'yes', '61', '.au', TRUE);
INSERT INTO country_lu VALUES ('15', 'AT', 'Austria', 'Republic of Austria', 'AUT', '040', 'yes', '43', '.at', TRUE);
INSERT INTO country_lu VALUES ('16', 'AZ', 'Azerbaijan', 'Republic of Azerbaijan', 'AZE', '031', 'yes', '994', '.az', TRUE);
INSERT INTO country_lu VALUES ('17', 'BS', 'Bahamas', 'Commonwealth of The Bahamas', 'BHS', '044', 'yes', '1+242', '.bs', TRUE);
INSERT INTO country_lu VALUES ('18', 'BH', 'Bahrain', 'Kingdom of Bahrain', 'BHR', '048', 'yes', '973', '.bh', TRUE);
INSERT INTO country_lu VALUES ('19', 'BD', 'Bangladesh', 'People''s Republic of Bangladesh', 'BGD', '050', 'yes', '880', '.bd', TRUE);
INSERT INTO country_lu VALUES ('20', 'BB', 'Barbados', 'Barbados', 'BRB', '052', 'yes', '1+246', '.bb', TRUE);
INSERT INTO country_lu VALUES ('21', 'BY', 'Belarus', 'Republic of Belarus', 'BLR', '112', 'yes', '375', '.by', TRUE);
INSERT INTO country_lu VALUES ('22', 'BE', 'Belgium', 'Kingdom of Belgium', 'BEL', '056', 'yes', '32', '.be', TRUE);
INSERT INTO country_lu VALUES ('23', 'BZ', 'Belize', 'Belize', 'BLZ', '084', 'yes', '501', '.bz', TRUE);
INSERT INTO country_lu VALUES ('24', 'BJ', 'Benin', 'Republic of Benin', 'BEN', '204', 'yes', '229', '.bj', TRUE);
INSERT INTO country_lu VALUES ('25', 'BM', 'Bermuda', 'Bermuda Islands', 'BMU', '060', 'no', '1+441', '.bm', TRUE);
INSERT INTO country_lu VALUES ('26', 'BT', 'Bhutan', 'Kingdom of Bhutan', 'BTN', '064', 'yes', '975', '.bt', TRUE);
INSERT INTO country_lu VALUES ('27', 'BO', 'Bolivia', 'Plurinational State of Bolivia', 'BOL', '068', 'yes', '591', '.bo', TRUE);
INSERT INTO country_lu VALUES ('28', 'BQ', 'Bonaire, Sint Eustatius and Saba', 'Bonaire, Sint Eustatius and Saba', 'BES', '535', 'no', '599', '.bq', TRUE);
INSERT INTO country_lu VALUES ('29', 'BA', 'Bosnia and Herzegovina', 'Bosnia and Herzegovina', 'BIH', '070', 'yes', '387', '.ba', TRUE);
INSERT INTO country_lu VALUES ('30', 'BW', 'Botswana', 'Republic of Botswana', 'BWA', '072', 'yes', '267', '.bw', TRUE);
INSERT INTO country_lu VALUES ('31', 'BV', 'Bouvet Island', 'Bouvet Island', 'BVT', '074', 'no', 'NONE', '.bv', TRUE);
INSERT INTO country_lu VALUES ('32', 'BR', 'Brazil', 'Federative Republic of Brazil', 'BRA', '076', 'yes', '55', '.br', TRUE);
INSERT INTO country_lu VALUES ('33', 'IO', 'British Indian Ocean Territory', 'British Indian Ocean Territory', 'IOT', '086', 'no', '246', '.io', TRUE);
INSERT INTO country_lu VALUES ('34', 'BN', 'Brunei', 'Brunei Darussalam', 'BRN', '096', 'yes', '673', '.bn', TRUE);
INSERT INTO country_lu VALUES ('35', 'BG', 'Bulgaria', 'Republic of Bulgaria', 'BGR', '100', 'yes', '359', '.bg', TRUE);
INSERT INTO country_lu VALUES ('36', 'BF', 'Burkina Faso', 'Burkina Faso', 'BFA', '854', 'yes', '226', '.bf', TRUE);
INSERT INTO country_lu VALUES ('37', 'BI', 'Burundi', 'Republic of Burundi', 'BDI', '108', 'yes', '257', '.bi', TRUE);
INSERT INTO country_lu VALUES ('38', 'KH', 'Cambodia', 'Kingdom of Cambodia', 'KHM', '116', 'yes', '855', '.kh', TRUE);
INSERT INTO country_lu VALUES ('39', 'CM', 'Cameroon', 'Republic of Cameroon', 'CMR', '120', 'yes', '237', '.cm', TRUE);
INSERT INTO country_lu VALUES ('40', 'CA', 'Canada', 'Canada', 'CAN', '124', 'yes', '1', '.ca', TRUE);
INSERT INTO country_lu VALUES ('41', 'CV', 'Cape Verde', 'Republic of Cape Verde', 'CPV', '132', 'yes', '238', '.cv', TRUE);
INSERT INTO country_lu VALUES ('42', 'KY', 'Cayman Islands', 'The Cayman Islands', 'CYM', '136', 'no', '1+345', '.ky', TRUE);
INSERT INTO country_lu VALUES ('43', 'CF', 'Central African Republic', 'Central African Republic', 'CAF', '140', 'yes', '236', '.cf', TRUE);
INSERT INTO country_lu VALUES ('44', 'TD', 'Chad', 'Republic of Chad', 'TCD', '148', 'yes', '235', '.td', TRUE);
INSERT INTO country_lu VALUES ('45', 'CL', 'Chile', 'Republic of Chile', 'CHL', '152', 'yes', '56', '.cl', TRUE);
INSERT INTO country_lu VALUES ('46', 'CN', 'China', 'People''s Republic of China', 'CHN', '156', 'yes', '86', '.cn', TRUE);
INSERT INTO country_lu VALUES ('47', 'CX', 'Christmas Island', 'Christmas Island', 'CXR', '162', 'no', '61', '.cx', TRUE);
INSERT INTO country_lu VALUES ('48', 'CC', 'Cocos (Keeling) Islands', 'Cocos (Keeling) Islands', 'CCK', '166', 'no', '61', '.cc', TRUE);
INSERT INTO country_lu VALUES ('49', 'CO', 'Colombia', 'Republic of Colombia', 'COL', '170', 'yes', '57', '.co', TRUE);
INSERT INTO country_lu VALUES ('50', 'KM', 'Comoros', 'Union of the Comoros', 'COM', '174', 'yes', '269', '.km', TRUE);
INSERT INTO country_lu VALUES ('51', 'CG', 'Congo', 'Republic of the Congo', 'COG', '178', 'yes', '242', '.cg', TRUE);
INSERT INTO country_lu VALUES ('52', 'CK', 'Cook Islands', 'Cook Islands', 'COK', '184', 'some', '682', '.ck', TRUE);
INSERT INTO country_lu VALUES ('53', 'CR', 'Costa Rica', 'Republic of Costa Rica', 'CRI', '188', 'yes', '506', '.cr', TRUE);
INSERT INTO country_lu VALUES ('54', 'CI', 'Cote d''ivoire (Ivory Coast)', 'Republic of C&ocirc;te D''Ivoire (Ivory Coast)', 'CIV', '384', 'yes', '225', '.ci', TRUE);
INSERT INTO country_lu VALUES ('55', 'HR', 'Croatia', 'Republic of Croatia', 'HRV', '191', 'yes', '385', '.hr', TRUE);
INSERT INTO country_lu VALUES ('56', 'CU', 'Cuba', 'Republic of Cuba', 'CUB', '192', 'yes', '53', '.cu', TRUE);
INSERT INTO country_lu VALUES ('57', 'CW', 'Curacao', 'Cura&ccedil;ao', 'CUW', '531', 'no', '599', '.cw', TRUE);
INSERT INTO country_lu VALUES ('58', 'CY', 'Cyprus', 'Republic of Cyprus', 'CYP', '196', 'yes', '357', '.cy', TRUE);
INSERT INTO country_lu VALUES ('59', 'CZ', 'Czech Republic', 'Czech Republic', 'CZE', '203', 'yes', '420', '.cz', TRUE);
INSERT INTO country_lu VALUES ('60', 'CD', 'Democratic Republic of the Congo', 'Democratic Republic of the Congo', 'COD', '180', 'yes', '243', '.cd', TRUE);
INSERT INTO country_lu VALUES ('61', 'DK', 'Denmark', 'Kingdom of Denmark', 'DNK', '208', 'yes', '45', '.dk', TRUE);
INSERT INTO country_lu VALUES ('62', 'DJ', 'Djibouti', 'Republic of Djibouti', 'DJI', '262', 'yes', '253', '.dj', TRUE);
INSERT INTO country_lu VALUES ('63', 'DM', 'Dominica', 'Commonwealth of Dominica', 'DMA', '212', 'yes', '1+767', '.dm', TRUE);
INSERT INTO country_lu VALUES ('64', 'DO', 'Dominican Republic', 'Dominican Republic', 'DOM', '214', 'yes', '1+809, 8', '.do', TRUE);
INSERT INTO country_lu VALUES ('65', 'EC', 'Ecuador', 'Republic of Ecuador', 'ECU', '218', 'yes', '593', '.ec', TRUE);
INSERT INTO country_lu VALUES ('66', 'EG', 'Egypt', 'Arab Republic of Egypt', 'EGY', '818', 'yes', '20', '.eg', TRUE);
INSERT INTO country_lu VALUES ('67', 'SV', 'El Salvador', 'Republic of El Salvador', 'SLV', '222', 'yes', '503', '.sv', TRUE);
INSERT INTO country_lu VALUES ('68', 'GQ', 'Equatorial Guinea', 'Republic of Equatorial Guinea', 'GNQ', '226', 'yes', '240', '.gq', TRUE);
INSERT INTO country_lu VALUES ('69', 'ER', 'Eritrea', 'State of Eritrea', 'ERI', '232', 'yes', '291', '.er', TRUE);
INSERT INTO country_lu VALUES ('70', 'EE', 'Estonia', 'Republic of Estonia', 'EST', '233', 'yes', '372', '.ee', TRUE);
INSERT INTO country_lu VALUES ('71', 'ET', 'Ethiopia', 'Federal Democratic Republic of Ethiopia', 'ETH', '231', 'yes', '251', '.et', TRUE);
INSERT INTO country_lu VALUES ('72', 'FK', 'Falkland Islands (Malvinas)', 'The Falkland Islands (Malvinas)', 'FLK', '238', 'no', '500', '.fk', TRUE);
INSERT INTO country_lu VALUES ('73', 'FO', 'Faroe Islands', 'The Faroe Islands', 'FRO', '234', 'no', '298', '.fo', TRUE);
INSERT INTO country_lu VALUES ('74', 'FJ', 'Fiji', 'Republic of Fiji', 'FJI', '242', 'yes', '679', '.fj', TRUE);
INSERT INTO country_lu VALUES ('75', 'FI', 'Finland', 'Republic of Finland', 'FIN', '246', 'yes', '358', '.fi', TRUE);
INSERT INTO country_lu VALUES ('76', 'FR', 'France', 'French Republic', 'FRA', '250', 'yes', '33', '.fr', TRUE);
INSERT INTO country_lu VALUES ('77', 'GF', 'French Guiana', 'French Guiana', 'GUF', '254', 'no', '594', '.gf', TRUE);
INSERT INTO country_lu VALUES ('78', 'PF', 'French Polynesia', 'French Polynesia', 'PYF', '258', 'no', '689', '.pf', TRUE);
INSERT INTO country_lu VALUES ('79', 'TF', 'French Southern Territories', 'French Southern Territories', 'ATF', '260', 'no', NULL, '.tf', TRUE);
INSERT INTO country_lu VALUES ('80', 'GA', 'Gabon', 'Gabonese Republic', 'GAB', '266', 'yes', '241', '.ga', TRUE);
INSERT INTO country_lu VALUES ('81', 'GM', 'Gambia', 'Republic of The Gambia', 'GMB', '270', 'yes', '220', '.gm', TRUE);
INSERT INTO country_lu VALUES ('82', 'GE', 'Georgia', 'Georgia', 'GEO', '268', 'yes', '995', '.ge', TRUE);
INSERT INTO country_lu VALUES ('83', 'DE', 'Germany', 'Federal Republic of Germany', 'DEU', '276', 'yes', '49', '.de', TRUE);
INSERT INTO country_lu VALUES ('84', 'GH', 'Ghana', 'Republic of Ghana', 'GHA', '288', 'yes', '233', '.gh', TRUE);
INSERT INTO country_lu VALUES ('85', 'GI', 'Gibraltar', 'Gibraltar', 'GIB', '292', 'no', '350', '.gi', TRUE);
INSERT INTO country_lu VALUES ('86', 'GR', 'Greece', 'Hellenic Republic', 'GRC', '300', 'yes', '30', '.gr', TRUE);
INSERT INTO country_lu VALUES ('87', 'GL', 'Greenland', 'Greenland', 'GRL', '304', 'no', '299', '.gl', TRUE);
INSERT INTO country_lu VALUES ('88', 'GD', 'Grenada', 'Grenada', 'GRD', '308', 'yes', '1+473', '.gd', TRUE);
INSERT INTO country_lu VALUES ('89', 'GP', 'Guadaloupe', 'Guadeloupe', 'GLP', '312', 'no', '590', '.gp', TRUE);
INSERT INTO country_lu VALUES ('90', 'GU', 'Guam', 'Guam', 'GUM', '316', 'no', '1+671', '.gu', TRUE);
INSERT INTO country_lu VALUES ('91', 'GT', 'Guatemala', 'Republic of Guatemala', 'GTM', '320', 'yes', '502', '.gt', TRUE);
INSERT INTO country_lu VALUES ('92', 'GG', 'Guernsey', 'Guernsey', 'GGY', '831', 'no', '44', '.gg', TRUE);
INSERT INTO country_lu VALUES ('93', 'GN', 'Guinea', 'Republic of Guinea', 'GIN', '324', 'yes', '224', '.gn', TRUE);
INSERT INTO country_lu VALUES ('94', 'GW', 'Guinea-Bissau', 'Republic of Guinea-Bissau', 'GNB', '624', 'yes', '245', '.gw', TRUE);
INSERT INTO country_lu VALUES ('95', 'GY', 'Guyana', 'Co-operative Republic of Guyana', 'GUY', '328', 'yes', '592', '.gy', TRUE);
INSERT INTO country_lu VALUES ('96', 'HT', 'Haiti', 'Republic of Haiti', 'HTI', '332', 'yes', '509', '.ht', TRUE);
INSERT INTO country_lu VALUES ('97', 'HM', 'Heard Island and McDonald Islands', 'Heard Island and McDonald Islands', 'HMD', '334', 'no', 'NONE', '.hm', TRUE);
INSERT INTO country_lu VALUES ('98', 'HN', 'Honduras', 'Republic of Honduras', 'HND', '340', 'yes', '504', '.hn', TRUE);
INSERT INTO country_lu VALUES ('99', 'HK', 'Hong Kong', 'Hong Kong', 'HKG', '344', 'no', '852', '.hk', TRUE);
INSERT INTO country_lu VALUES ('100', 'HU', 'Hungary', 'Hungary', 'HUN', '348', 'yes', '36', '.hu', TRUE);
INSERT INTO country_lu VALUES ('101', 'IS', 'Iceland', 'Republic of Iceland', 'ISL', '352', 'yes', '354', '.is', TRUE);
INSERT INTO country_lu VALUES ('102', 'IN', 'India', 'Republic of India', 'IND', '356', 'yes', '91', '.in', TRUE);
INSERT INTO country_lu VALUES ('103', 'ID', 'Indonesia', 'Republic of Indonesia', 'IDN', '360', 'yes', '62', '.id', TRUE);
INSERT INTO country_lu VALUES ('104', 'IR', 'Iran', 'Islamic Republic of Iran', 'IRN', '364', 'yes', '98', '.ir', TRUE);
INSERT INTO country_lu VALUES ('105', 'IQ', 'Iraq', 'Republic of Iraq', 'IRQ', '368', 'yes', '964', '.iq', TRUE);
INSERT INTO country_lu VALUES ('106', 'IE', 'Ireland', 'Ireland', 'IRL', '372', 'yes', '353', '.ie', TRUE);
INSERT INTO country_lu VALUES ('107', 'IM', 'Isle of Man', 'Isle of Man', 'IMN', '833', 'no', '44', '.im', TRUE);
INSERT INTO country_lu VALUES ('108', 'IL', 'Israel', 'State of Israel', 'ISR', '376', 'yes', '972', '.il', TRUE);
INSERT INTO country_lu VALUES ('109', 'IT', 'Italy', 'Italian Republic', 'ITA', '380', 'yes', '39', '.jm', TRUE);
INSERT INTO country_lu VALUES ('110', 'JM', 'Jamaica', 'Jamaica', 'JAM', '388', 'yes', '1+876', '.jm', TRUE);
INSERT INTO country_lu VALUES ('111', 'JP', 'Japan', 'Japan', 'JPN', '392', 'yes', '81', '.jp', TRUE);
INSERT INTO country_lu VALUES ('112', 'JE', 'Jersey', 'The Bailiwick of Jersey', 'JEY', '832', 'no', '44', '.je', TRUE);
INSERT INTO country_lu VALUES ('113', 'JO', 'Jordan', 'Hashemite Kingdom of Jordan', 'JOR', '400', 'yes', '962', '.jo', TRUE);
INSERT INTO country_lu VALUES ('114', 'KZ', 'Kazakhstan', 'Republic of Kazakhstan', 'KAZ', '398', 'yes', '7', '.kz', TRUE);
INSERT INTO country_lu VALUES ('115', 'KE', 'Kenya', 'Republic of Kenya', 'KEN', '404', 'yes', '254', '.ke', TRUE);
INSERT INTO country_lu VALUES ('116', 'KI', 'Kiribati', 'Republic of Kiribati', 'KIR', '296', 'yes', '686', '.ki', TRUE);
INSERT INTO country_lu VALUES ('117', 'XK', 'Kosovo', 'Republic of Kosovo', '---', '---', 'some', '381', '', TRUE);
INSERT INTO country_lu VALUES ('118', 'KW', 'Kuwait', 'State of Kuwait', 'KWT', '414', 'yes', '965', '.kw', TRUE);
INSERT INTO country_lu VALUES ('119', 'KG', 'Kyrgyzstan', 'Kyrgyz Republic', 'KGZ', '417', 'yes', '996', '.kg', TRUE);
INSERT INTO country_lu VALUES ('120', 'LA', 'Laos', 'Lao People''s Democratic Republic', 'LAO', '418', 'yes', '856', '.la', TRUE);
INSERT INTO country_lu VALUES ('121', 'LV', 'Latvia', 'Republic of Latvia', 'LVA', '428', 'yes', '371', '.lv', TRUE);
INSERT INTO country_lu VALUES ('122', 'LB', 'Lebanon', 'Republic of Lebanon', 'LBN', '422', 'yes', '961', '.lb', TRUE);
INSERT INTO country_lu VALUES ('123', 'LS', 'Lesotho', 'Kingdom of Lesotho', 'LSO', '426', 'yes', '266', '.ls', TRUE);
INSERT INTO country_lu VALUES ('124', 'LR', 'Liberia', 'Republic of Liberia', 'LBR', '430', 'yes', '231', '.lr', TRUE);
INSERT INTO country_lu VALUES ('125', 'LY', 'Libya', 'Libya', 'LBY', '434', 'yes', '218', '.ly', TRUE);
INSERT INTO country_lu VALUES ('126', 'LI', 'Liechtenstein', 'Principality of Liechtenstein', 'LIE', '438', 'yes', '423', '.li', TRUE);
INSERT INTO country_lu VALUES ('127', 'LT', 'Lithuania', 'Republic of Lithuania', 'LTU', '440', 'yes', '370', '.lt', TRUE);
INSERT INTO country_lu VALUES ('128', 'LU', 'Luxembourg', 'Grand Duchy of Luxembourg', 'LUX', '442', 'yes', '352', '.lu', TRUE);
INSERT INTO country_lu VALUES ('129', 'MO', 'Macao', 'The Macao Special Administrative Region', 'MAC', '446', 'no', '853', '.mo', TRUE);
INSERT INTO country_lu VALUES ('130', 'MK', 'Macedonia', 'The Former Yugoslav Republic of Macedonia', 'MKD', '807', 'yes', '389', '.mk', TRUE);
INSERT INTO country_lu VALUES ('131', 'MG', 'Madagascar', 'Republic of Madagascar', 'MDG', '450', 'yes', '261', '.mg', TRUE);
INSERT INTO country_lu VALUES ('132', 'MW', 'Malawi', 'Republic of Malawi', 'MWI', '454', 'yes', '265', '.mw', TRUE);
INSERT INTO country_lu VALUES ('133', 'MY', 'Malaysia', 'Malaysia', 'MYS', '458', 'yes', '60', '.my', TRUE);
INSERT INTO country_lu VALUES ('134', 'MV', 'Maldives', 'Republic of Maldives', 'MDV', '462', 'yes', '960', '.mv', TRUE);
INSERT INTO country_lu VALUES ('135', 'ML', 'Mali', 'Republic of Mali', 'MLI', '466', 'yes', '223', '.ml', TRUE);
INSERT INTO country_lu VALUES ('136', 'MT', 'Malta', 'Republic of Malta', 'MLT', '470', 'yes', '356', '.mt', TRUE);
INSERT INTO country_lu VALUES ('137', 'MH', 'Marshall Islands', 'Republic of the Marshall Islands', 'MHL', '584', 'yes', '692', '.mh', TRUE);
INSERT INTO country_lu VALUES ('138', 'MQ', 'Martinique', 'Martinique', 'MTQ', '474', 'no', '596', '.mq', TRUE);
INSERT INTO country_lu VALUES ('139', 'MR', 'Mauritania', 'Islamic Republic of Mauritania', 'MRT', '478', 'yes', '222', '.mr', TRUE);
INSERT INTO country_lu VALUES ('140', 'MU', 'Mauritius', 'Republic of Mauritius', 'MUS', '480', 'yes', '230', '.mu', TRUE);
INSERT INTO country_lu VALUES ('141', 'YT', 'Mayotte', 'Mayotte', 'MYT', '175', 'no', '262', '.yt', TRUE);
INSERT INTO country_lu VALUES ('142', 'MX', 'Mexico', 'United Mexican States', 'MEX', '484', 'yes', '52', '.mx', TRUE);
INSERT INTO country_lu VALUES ('143', 'FM', 'Micronesia', 'Federated States of Micronesia', 'FSM', '583', 'yes', '691', '.fm', TRUE);
INSERT INTO country_lu VALUES ('144', 'MD', 'Moldava', 'Republic of Moldova', 'MDA', '498', 'yes', '373', '.md', TRUE);
INSERT INTO country_lu VALUES ('145', 'MC', 'Monaco', 'Principality of Monaco', 'MCO', '492', 'yes', '377', '.mc', TRUE);
INSERT INTO country_lu VALUES ('146', 'MN', 'Mongolia', 'Mongolia', 'MNG', '496', 'yes', '976', '.mn', TRUE);
INSERT INTO country_lu VALUES ('147', 'ME', 'Montenegro', 'Montenegro', 'MNE', '499', 'yes', '382', '.me', TRUE);
INSERT INTO country_lu VALUES ('148', 'MS', 'Montserrat', 'Montserrat', 'MSR', '500', 'no', '1+664', '.ms', TRUE);
INSERT INTO country_lu VALUES ('149', 'MA', 'Morocco', 'Kingdom of Morocco', 'MAR', '504', 'yes', '212', '.ma', TRUE);
INSERT INTO country_lu VALUES ('150', 'MZ', 'Mozambique', 'Republic of Mozambique', 'MOZ', '508', 'yes', '258', '.mz', TRUE);
INSERT INTO country_lu VALUES ('151', 'MM', 'Myanmar (Burma)', 'Republic of the Union of Myanmar', 'MMR', '104', 'yes', '95', '.mm', TRUE);
INSERT INTO country_lu VALUES ('152', 'NA', 'Namibia', 'Republic of Namibia', 'NAM', '516', 'yes', '264', '.na', TRUE);
INSERT INTO country_lu VALUES ('153', 'NR', 'Nauru', 'Republic of Nauru', 'NRU', '520', 'yes', '674', '.nr', TRUE);
INSERT INTO country_lu VALUES ('154', 'NP', 'Nepal', 'Federal Democratic Republic of Nepal', 'NPL', '524', 'yes', '977', '.np', TRUE);
INSERT INTO country_lu VALUES ('155', 'NL', 'Netherlands', 'Kingdom of the Netherlands', 'NLD', '528', 'yes', '31', '.nl', TRUE);
INSERT INTO country_lu VALUES ('156', 'NC', 'New Caledonia', 'New Caledonia', 'NCL', '540', 'no', '687', '.nc', TRUE);
INSERT INTO country_lu VALUES ('157', 'NZ', 'New Zealand', 'New Zealand', 'NZL', '554', 'yes', '64', '.nz', TRUE);
INSERT INTO country_lu VALUES ('158', 'NI', 'Nicaragua', 'Republic of Nicaragua', 'NIC', '558', 'yes', '505', '.ni', TRUE);
INSERT INTO country_lu VALUES ('159', 'NE', 'Niger', 'Republic of Niger', 'NER', '562', 'yes', '227', '.ne', TRUE);
INSERT INTO country_lu VALUES ('160', 'NG', 'Nigeria', 'Federal Republic of Nigeria', 'NGA', '566', 'yes', '234', '.ng', TRUE);
INSERT INTO country_lu VALUES ('161', 'NU', 'Niue', 'Niue', 'NIU', '570', 'some', '683', '.nu', TRUE);
INSERT INTO country_lu VALUES ('162', 'NF', 'Norfolk Island', 'Norfolk Island', 'NFK', '574', 'no', '672', '.nf', TRUE);
INSERT INTO country_lu VALUES ('163', 'KP', 'North Korea', 'Democratic People''s Republic of Korea', 'PRK', '408', 'yes', '850', '.kp', TRUE);
INSERT INTO country_lu VALUES ('164', 'MP', 'Northern Mariana Islands', 'Northern Mariana Islands', 'MNP', '580', 'no', '1+670', '.mp', TRUE);
INSERT INTO country_lu VALUES ('165', 'NO', 'Norway', 'Kingdom of Norway', 'NOR', '578', 'yes', '47', '.no', TRUE);
INSERT INTO country_lu VALUES ('166', 'OM', 'Oman', 'Sultanate of Oman', 'OMN', '512', 'yes', '968', '.om', TRUE);
INSERT INTO country_lu VALUES ('167', 'PK', 'Pakistan', 'Islamic Republic of Pakistan', 'PAK', '586', 'yes', '92', '.pk', TRUE);
INSERT INTO country_lu VALUES ('168', 'PW', 'Palau', 'Republic of Palau', 'PLW', '585', 'yes', '680', '.pw', TRUE);
INSERT INTO country_lu VALUES ('169', 'PS', 'Palestine', 'State of Palestine (or Occupied Palestinian Territory)', 'PSE', '275', 'some', '970', '.ps', TRUE);
INSERT INTO country_lu VALUES ('170', 'PA', 'Panama', 'Republic of Panama', 'PAN', '591', 'yes', '507', '.pa', TRUE);
INSERT INTO country_lu VALUES ('171', 'PG', 'Papua New Guinea', 'Independent State of Papua New Guinea', 'PNG', '598', 'yes', '675', '.pg', TRUE);
INSERT INTO country_lu VALUES ('172', 'PY', 'Paraguay', 'Republic of Paraguay', 'PRY', '600', 'yes', '595', '.py', TRUE);
INSERT INTO country_lu VALUES ('173', 'PE', 'Peru', 'Republic of Peru', 'PER', '604', 'yes', '51', '.pe', TRUE);
INSERT INTO country_lu VALUES ('174', 'PH', 'Phillipines', 'Republic of the Philippines', 'PHL', '608', 'yes', '63', '.ph', TRUE);
INSERT INTO country_lu VALUES ('175', 'PN', 'Pitcairn', 'Pitcairn', 'PCN', '612', 'no', 'NONE', '.pn', TRUE);
INSERT INTO country_lu VALUES ('176', 'PL', 'Poland', 'Republic of Poland', 'POL', '616', 'yes', '48', '.pl', TRUE);
INSERT INTO country_lu VALUES ('177', 'PT', 'Portugal', 'Portuguese Republic', 'PRT', '620', 'yes', '351', '.pt', TRUE);
INSERT INTO country_lu VALUES ('178', 'PR', 'Puerto Rico', 'Commonwealth of Puerto Rico', 'PRI', '630', 'no', '1+939', '.pr', TRUE);
INSERT INTO country_lu VALUES ('179', 'QA', 'Qatar', 'State of Qatar', 'QAT', '634', 'yes', '974', '.qa', TRUE);
INSERT INTO country_lu VALUES ('180', 'RE', 'Reunion', 'R&eacute;union', 'REU', '638', 'no', '262', '.re', TRUE);
INSERT INTO country_lu VALUES ('181', 'RO', 'Romania', 'Romania', 'ROU', '642', 'yes', '40', '.ro', TRUE);
INSERT INTO country_lu VALUES ('182', 'RU', 'Russia', 'Russian Federation', 'RUS', '643', 'yes', '7', '.ru', TRUE);
INSERT INTO country_lu VALUES ('183', 'RW', 'Rwanda', 'Republic of Rwanda', 'RWA', '646', 'yes', '250', '.rw', TRUE);
INSERT INTO country_lu VALUES ('184', 'BL', 'Saint Barthelemy', 'Saint Barth&eacute;lemy', 'BLM', '652', 'no', '590', '.bl', TRUE);
INSERT INTO country_lu VALUES ('185', 'SH', 'Saint Helena', 'Saint Helena, Ascension and Tristan da Cunha', 'SHN', '654', 'no', '290', '.sh', TRUE);
INSERT INTO country_lu VALUES ('186', 'KN', 'Saint Kitts and Nevis', 'Federation of Saint Christopher and Nevis', 'KNA', '659', 'yes', '1+869', '.kn', TRUE);
INSERT INTO country_lu VALUES ('187', 'LC', 'Saint Lucia', 'Saint Lucia', 'LCA', '662', 'yes', '1+758', '.lc', TRUE);
INSERT INTO country_lu VALUES ('188', 'MF', 'Saint Martin', 'Saint Martin', 'MAF', '663', 'no', '590', '.mf', TRUE);
INSERT INTO country_lu VALUES ('189', 'PM', 'Saint Pierre and Miquelon', 'Saint Pierre and Miquelon', 'SPM', '666', 'no', '508', '.pm', TRUE);
INSERT INTO country_lu VALUES ('190', 'VC', 'Saint Vincent and the Grenadines', 'Saint Vincent and the Grenadines', 'VCT', '670', 'yes', '1+784', '.vc', TRUE);
INSERT INTO country_lu VALUES ('191', 'WS', 'Samoa', 'Independent State of Samoa', 'WSM', '882', 'yes', '685', '.ws', TRUE);
INSERT INTO country_lu VALUES ('192', 'SM', 'San Marino', 'Republic of San Marino', 'SMR', '674', 'yes', '378', '.sm', TRUE);
INSERT INTO country_lu VALUES ('193', 'ST', 'Sao Tome and Principe', 'Democratic Republic of S&atilde;o Tom&eacute; and Pr&iacute;ncipe', 'STP', '678', 'yes', '239', '.st', TRUE);
INSERT INTO country_lu VALUES ('194', 'SA', 'Saudi Arabia', 'Kingdom of Saudi Arabia', 'SAU', '682', 'yes', '966', '.sa', TRUE);
INSERT INTO country_lu VALUES ('195', 'SN', 'Senegal', 'Republic of Senegal', 'SEN', '686', 'yes', '221', '.sn', TRUE);
INSERT INTO country_lu VALUES ('196', 'RS', 'Serbia', 'Republic of Serbia', 'SRB', '688', 'yes', '381', '.rs', TRUE);
INSERT INTO country_lu VALUES ('197', 'SC', 'Seychelles', 'Republic of Seychelles', 'SYC', '690', 'yes', '248', '.sc', TRUE);
INSERT INTO country_lu VALUES ('198', 'SL', 'Sierra Leone', 'Republic of Sierra Leone', 'SLE', '694', 'yes', '232', '.sl', TRUE);
INSERT INTO country_lu VALUES ('199', 'SG', 'Singapore', 'Republic of Singapore', 'SGP', '702', 'yes', '65', '.sg', TRUE);
INSERT INTO country_lu VALUES ('200', 'SX', 'Sint Maarten', 'Sint Maarten', 'SXM', '534', 'no', '1+721', '.sx', TRUE);
INSERT INTO country_lu VALUES ('201', 'SK', 'Slovakia', 'Slovak Republic', 'SVK', '703', 'yes', '421', '.sk', TRUE);
INSERT INTO country_lu VALUES ('202', 'SI', 'Slovenia', 'Republic of Slovenia', 'SVN', '705', 'yes', '386', '.si', TRUE);
INSERT INTO country_lu VALUES ('203', 'SB', 'Solomon Islands', 'Solomon Islands', 'SLB', '090', 'yes', '677', '.sb', TRUE);
INSERT INTO country_lu VALUES ('204', 'SO', 'Somalia', 'Somali Republic', 'SOM', '706', 'yes', '252', '.so', TRUE);
INSERT INTO country_lu VALUES ('205', 'ZA', 'South Africa', 'Republic of South Africa', 'ZAF', '710', 'yes', '27', '.za', TRUE);
INSERT INTO country_lu VALUES ('206', 'GS', 'South Georgia and the South Sandwich Islands', 'South Georgia and the South Sandwich Islands', 'SGS', '239', 'no', '500', '.gs', TRUE);
INSERT INTO country_lu VALUES ('207', 'KR', 'South Korea', 'Republic of Korea', 'KOR', '410', 'yes', '82', '.kr', TRUE);
INSERT INTO country_lu VALUES ('208', 'SS', 'South Sudan', 'Republic of South Sudan', 'SSD', '728', 'yes', '211', '.ss', TRUE);
INSERT INTO country_lu VALUES ('209', 'ES', 'Spain', 'Kingdom of Spain', 'ESP', '724', 'yes', '34', '.es', TRUE);
INSERT INTO country_lu VALUES ('210', 'LK', 'Sri Lanka', 'Democratic Socialist Republic of Sri Lanka', 'LKA', '144', 'yes', '94', '.lk', TRUE);
INSERT INTO country_lu VALUES ('211', 'SD', 'Sudan', 'Republic of the Sudan', 'SDN', '729', 'yes', '249', '.sd', TRUE);
INSERT INTO country_lu VALUES ('212', 'SR', 'Suriname', 'Republic of Suriname', 'SUR', '740', 'yes', '597', '.sr', TRUE);
INSERT INTO country_lu VALUES ('213', 'SJ', 'Svalbard and Jan Mayen', 'Svalbard and Jan Mayen', 'SJM', '744', 'no', '47', '.sj', TRUE);
INSERT INTO country_lu VALUES ('214', 'SZ', 'Swaziland', 'Kingdom of Swaziland', 'SWZ', '748', 'yes', '268', '.sz', TRUE);
INSERT INTO country_lu VALUES ('215', 'SE', 'Sweden', 'Kingdom of Sweden', 'SWE', '752', 'yes', '46', '.se', TRUE);
INSERT INTO country_lu VALUES ('216', 'CH', 'Switzerland', 'Swiss Confederation', 'CHE', '756', 'yes', '41', '.ch', TRUE);
INSERT INTO country_lu VALUES ('217', 'SY', 'Syria', 'Syrian Arab Republic', 'SYR', '760', 'yes', '963', '.sy', TRUE);
INSERT INTO country_lu VALUES ('218', 'TW', 'Taiwan', 'Republic of China (Taiwan)', 'TWN', '158', 'former', '886', '.tw', TRUE);
INSERT INTO country_lu VALUES ('219', 'TJ', 'Tajikistan', 'Republic of Tajikistan', 'TJK', '762', 'yes', '992', '.tj', TRUE);
INSERT INTO country_lu VALUES ('220', 'TZ', 'Tanzania', 'United Republic of Tanzania', 'TZA', '834', 'yes', '255', '.tz', TRUE);
INSERT INTO country_lu VALUES ('221', 'TH', 'Thailand', 'Kingdom of Thailand', 'THA', '764', 'yes', '66', '.th', TRUE);
INSERT INTO country_lu VALUES ('222', 'TL', 'Timor-Leste (East Timor)', 'Democratic Republic of Timor-Leste', 'TLS', '626', 'yes', '670', '.tl', TRUE);
INSERT INTO country_lu VALUES ('223', 'TG', 'Togo', 'Togolese Republic', 'TGO', '768', 'yes', '228', '.tg', TRUE);
INSERT INTO country_lu VALUES ('224', 'TK', 'Tokelau', 'Tokelau', 'TKL', '772', 'no', '690', '.tk', TRUE);
INSERT INTO country_lu VALUES ('225', 'TO', 'Tonga', 'Kingdom of Tonga', 'TON', '776', 'yes', '676', '.to', TRUE);
INSERT INTO country_lu VALUES ('226', 'TT', 'Trinidad and Tobago', 'Republic of Trinidad and Tobago', 'TTO', '780', 'yes', '1+868', '.tt', TRUE);
INSERT INTO country_lu VALUES ('227', 'TN', 'Tunisia', 'Republic of Tunisia', 'TUN', '788', 'yes', '216', '.tn', TRUE);
INSERT INTO country_lu VALUES ('228', 'TR', 'Turkey', 'Republic of Turkey', 'TUR', '792', 'yes', '90', '.tr', TRUE);
INSERT INTO country_lu VALUES ('229', 'TM', 'Turkmenistan', 'Turkmenistan', 'TKM', '795', 'yes', '993', '.tm', TRUE);
INSERT INTO country_lu VALUES ('230', 'TC', 'Turks and Caicos Islands', 'Turks and Caicos Islands', 'TCA', '796', 'no', '1+649', '.tc', TRUE);
INSERT INTO country_lu VALUES ('231', 'TV', 'Tuvalu', 'Tuvalu', 'TUV', '798', 'yes', '688', '.tv', TRUE);
INSERT INTO country_lu VALUES ('232', 'UG', 'Uganda', 'Republic of Uganda', 'UGA', '800', 'yes', '256', '.ug', TRUE);
INSERT INTO country_lu VALUES ('233', 'UA', 'Ukraine', 'Ukraine', 'UKR', '804', 'yes', '380', '.ua', TRUE);
INSERT INTO country_lu VALUES ('234', 'AE', 'United Arab Emirates', 'United Arab Emirates', 'ARE', '784', 'yes', '971', '.ae', TRUE);
INSERT INTO country_lu VALUES ('235', 'GB', 'United Kingdom', 'United Kingdom of Great Britain and Nothern Ireland', 'GBR', '826', 'yes', '44', '.uk', TRUE);
INSERT INTO country_lu VALUES ('236', 'US', 'United States', 'United States of America', 'USA', '840', 'yes', '1', '.us', TRUE);
INSERT INTO country_lu VALUES ('237', 'UM', 'United States Minor Outlying Islands', 'United States Minor Outlying Islands', 'UMI', '581', 'no', 'NONE', 'NONE', TRUE);
INSERT INTO country_lu VALUES ('238', 'UY', 'Uruguay', 'Eastern Republic of Uruguay', 'URY', '858', 'yes', '598', '.uy', TRUE);
INSERT INTO country_lu VALUES ('239', 'UZ', 'Uzbekistan', 'Republic of Uzbekistan', 'UZB', '860', 'yes', '998', '.uz', TRUE);
INSERT INTO country_lu VALUES ('240', 'VU', 'Vanuatu', 'Republic of Vanuatu', 'VUT', '548', 'yes', '678', '.vu', TRUE);
INSERT INTO country_lu VALUES ('241', 'VA', 'Vatican City', 'State of the Vatican City', 'VAT', '336', 'no', '39', '.va', TRUE);
INSERT INTO country_lu VALUES ('242', 'VE', 'Venezuela', 'Bolivarian Republic of Venezuela', 'VEN', '862', 'yes', '58', '.ve', TRUE);
INSERT INTO country_lu VALUES ('243', 'VN', 'Vietnam', 'Socialist Republic of Vietnam', 'VNM', '704', 'yes', '84', '.vn', TRUE);
INSERT INTO country_lu VALUES ('244', 'VG', 'Virgin Islands, British', 'British Virgin Islands', 'VGB', '092', 'no', '1+284', '.vg', TRUE);
INSERT INTO country_lu VALUES ('245', 'VI', 'Virgin Islands, US', 'Virgin Islands of the United States', 'VIR', '850', 'no', '1+340', '.vi', TRUE);
INSERT INTO country_lu VALUES ('246', 'WF', 'Wallis and Futuna', 'Wallis and Futuna', 'WLF', '876', 'no', '681', '.wf', TRUE);
INSERT INTO country_lu VALUES ('247', 'EH', 'Western Sahara', 'Western Sahara', 'ESH', '732', 'no', '212', '.eh', TRUE);
INSERT INTO country_lu VALUES ('248', 'YE', 'Yemen', 'Republic of Yemen', 'YEM', '887', 'yes', '967', '.ye', TRUE);
INSERT INTO country_lu VALUES ('249', 'ZM', 'Zambia', 'Republic of Zambia', 'ZMB', '894', 'yes', '260', '.zm', TRUE);
INSERT INTO country_lu VALUES ('250', 'ZW', 'Zimbabwe', 'Republic of Zimbabwe', 'ZWE', '716', 'yes', '263', '.zw', TRUE);
INSERT INTO us_state_lu VALUES ('1', 'AL', 'Alabama', TRUE);
INSERT INTO us_state_lu VALUES ('2', 'AK', 'Alaska', TRUE);
INSERT INTO us_state_lu VALUES ('3', 'AS', 'American Samoa', TRUE);
INSERT INTO us_state_lu VALUES ('4', 'AZ', 'Arizona', TRUE);
INSERT INTO us_state_lu VALUES ('5', 'AR', 'Arkansas', TRUE);
INSERT INTO us_state_lu VALUES ('6', 'CA', 'California', TRUE);
INSERT INTO us_state_lu VALUES ('7', 'CO', 'Colorado', TRUE);
INSERT INTO us_state_lu VALUES ('8', 'CT', 'Connecticut', TRUE);
INSERT INTO us_state_lu VALUES ('9', 'DE', 'Delaware', TRUE);
INSERT INTO us_state_lu VALUES ('10', 'DC', 'District of Columbia', TRUE);
INSERT INTO us_state_lu VALUES ('11', 'FM', 'Federated States of Micronesia', TRUE);
INSERT INTO us_state_lu VALUES ('12', 'FL', 'Florida', TRUE);
INSERT INTO us_state_lu VALUES ('13', 'GA', 'Georgia', TRUE);
INSERT INTO us_state_lu VALUES ('14', 'GU', 'Guam', TRUE);
INSERT INTO us_state_lu VALUES ('15', 'HI', 'Hawaii', TRUE);
INSERT INTO us_state_lu VALUES ('16', 'ID', 'Idaho', TRUE);
INSERT INTO us_state_lu VALUES ('17', 'IL', 'Illinois', TRUE);
INSERT INTO us_state_lu VALUES ('18', 'IN', 'Indiana', TRUE);
INSERT INTO us_state_lu VALUES ('19', 'IA', 'Iowa', TRUE);
INSERT INTO us_state_lu VALUES ('20', 'KS', 'Kansas', TRUE);
INSERT INTO us_state_lu VALUES ('21', 'KY', 'Kentucky', TRUE);
INSERT INTO us_state_lu VALUES ('22', 'LA', 'Louisiana', TRUE);
INSERT INTO us_state_lu VALUES ('23', 'ME', 'Maine', TRUE);
INSERT INTO us_state_lu VALUES ('24', 'MH', 'Marshall Islands', TRUE);
INSERT INTO us_state_lu VALUES ('25', 'MD', 'Maryland', TRUE);
INSERT INTO us_state_lu VALUES ('26', 'MA', 'Massachusetts', TRUE);
INSERT INTO us_state_lu VALUES ('27', 'MI', 'Michigan', TRUE);
INSERT INTO us_state_lu VALUES ('28', 'MN', 'Minnesota', TRUE);
INSERT INTO us_state_lu VALUES ('29', 'MS', 'Mississippi', TRUE);
INSERT INTO us_state_lu VALUES ('30', 'MO', 'Missouri', TRUE);
INSERT INTO us_state_lu VALUES ('31', 'MT', 'Montana', TRUE);
INSERT INTO us_state_lu VALUES ('32', 'NE', 'Nebraska', TRUE);
INSERT INTO us_state_lu VALUES ('33', 'NV', 'Nevada', TRUE);
INSERT INTO us_state_lu VALUES ('34', 'NH', 'New Hampshire', TRUE);
INSERT INTO us_state_lu VALUES ('35', 'NJ', 'New Jersey', TRUE);
INSERT INTO us_state_lu VALUES ('36', 'NM', 'New Mexico', TRUE);
INSERT INTO us_state_lu VALUES ('37', 'NY', 'New York', TRUE);
INSERT INTO us_state_lu VALUES ('38', 'NC', 'North Carolina', TRUE);
INSERT INTO us_state_lu VALUES ('39', 'ND', 'North Dakota', TRUE);
INSERT INTO us_state_lu VALUES ('40', 'MP', 'Northern Mariana Islands', TRUE);
INSERT INTO us_state_lu VALUES ('41', 'OH', 'Ohio', TRUE);
INSERT INTO us_state_lu VALUES ('42', 'OK', 'Oklahoma', TRUE);
INSERT INTO us_state_lu VALUES ('43', 'OR', 'Oregon', TRUE);
INSERT INTO us_state_lu VALUES ('44', 'PW', 'Palau', TRUE);
INSERT INTO us_state_lu VALUES ('45', 'PA', 'Pennsylvania', TRUE);
INSERT INTO us_state_lu VALUES ('46', 'PR', 'Puerto Rico', TRUE);
INSERT INTO us_state_lu VALUES ('47', 'RI', 'Rhode Island', TRUE);
INSERT INTO us_state_lu VALUES ('48', 'SC', 'South Carolina', TRUE);
INSERT INTO us_state_lu VALUES ('49', 'SD', 'South Dakota', TRUE);
INSERT INTO us_state_lu VALUES ('50', 'TN', 'Tennessee', TRUE);
INSERT INTO us_state_lu VALUES ('51', 'TX', 'Texas', TRUE);
INSERT INTO us_state_lu VALUES ('52', 'UT', 'Utah', TRUE);
INSERT INTO us_state_lu VALUES ('53', 'VT', 'Vermont', TRUE);
INSERT INTO us_state_lu VALUES ('54', 'VI', 'Virgin Islands', TRUE);
INSERT INTO us_state_lu VALUES ('55', 'VA', 'Virginia', TRUE);
INSERT INTO us_state_lu VALUES ('56', 'WA', 'Washington', TRUE);
INSERT INTO us_state_lu VALUES ('57', 'WV', 'West Virginia', TRUE);
INSERT INTO us_state_lu VALUES ('58', 'WI', 'Wisconsin', TRUE);
INSERT INTO us_state_lu VALUES ('59', 'WY', 'Wyoming', TRUE);
INSERT INTO secret_question_lu VALUES ('1', 'What was your favorite place to visit as a child?', '2018-12-01 16:57:23');
INSERT INTO secret_question_lu VALUES ('2', 'Who is your favorite actor?', '2018-12-01 16:57:23');
INSERT INTO secret_question_lu VALUES ('3', 'Who is your favorite musician?', '2018-12-01 16:57:23');
INSERT INTO secret_question_lu VALUES ('4', 'What was the name as your pet as a child?', '2018-12-01 16:57:23');
INSERT INTO secret_question_lu VALUES ('5', 'In what city were you born?', '2018-12-01 16:57:24');
INSERT INTO secret_question_lu VALUES ('6', 'What is your favorite movie?', '2018-12-01 16:57:24');
INSERT INTO secret_question_lu VALUES ('7', 'What street did you grow up on?', '2018-12-01 16:57:24');
INSERT INTO secret_question_lu VALUES ('8', 'What was the color of your first car?', '2018-12-01 16:57:24');
INSERT INTO secret_question_lu VALUES ('9', 'What is your father''s middle name?', '2018-12-01 16:57:24');
INSERT INTO secret_question_lu VALUES ('10', 'What is your mother''s maiden name?', '2018-12-01 16:57:24');
INSERT INTO secret_question_lu VALUES ('11', 'What is the first name of the first person you kissed?', '2018-12-01 16:57:24');
INSERT INTO secret_question_lu VALUES ('12', 'What is your secret pleasure?', '2018-12-01 16:57:24');
INSERT INTO secret_question_lu VALUES ('14', 'You have 99 problems but what is not one of them?', '2018-12-01 16:57:24');
INSERT INTO event_group VALUES ('TSL_ARMAGEDDON', 'Armageddon', 'Armageddon', '2021-04-04 06:16:45', 'ceg', NULL, NULL);
INSERT INTO event_group VALUES ('TSL_AWAKENING', 'Awakening', 'Awakening', '2021-04-04 06:16:45', 'ceg', NULL, NULL);
INSERT INTO event_group VALUES ('TSL_BATTLEGROUND', 'Battleground', 'Battleground', '2021-04-04 06:16:45', 'ceg', NULL, NULL);
INSERT INTO event_group VALUES ('TSL_BATTLE_OF_CHAMPIONS', 'Battle of Champions', 'Battle of Champions', '2021-04-04 06:16:45', 'ceg', NULL, NULL);
INSERT INTO event_group VALUES ('TSL_BEAST_COAST_BRAWL', 'Beast Coast Brawl', 'Beast Coast Brawl', '2021-04-04 06:16:45', 'ceg', NULL, NULL);
INSERT INTO event_group VALUES ('TSL_CROSSROADS', 'Crossroads', 'Crossroads', '2021-04-04 06:16:45', 'ceg', NULL, NULL);
INSERT INTO event_group VALUES ('TSL_CRUSHXOTICA', 'CrushXotica', 'CrushXotica', '2021-04-04 06:16:45', 'ceg', NULL, NULL);
INSERT INTO event_group VALUES ('TSL_DARKWATCH', 'Darkwatch Championship Series', 'Darkwatch', '2021-04-04 06:16:45', 'ceg', NULL, NULL);
INSERT INTO event_group VALUES ('TSL_FLORIDA_CUP', 'Florida Cup', 'Florida Cup', '2009-05-31 20:44:39', 'ceg', NULL, NULL);
INSERT INTO event_group VALUES ('TSL_MEXICO_OPEN', 'Mexico Open', 'Mexico Open', '2009-05-31 20:44:39', 'ceg', NULL, NULL);
INSERT INTO event_group VALUES ('TSL_RAGNAROK', 'Ragnarok', 'Ragnarok', '2021-04-04 06:16:45', 'ceg', NULL, NULL);
INSERT INTO event_group VALUES ('TSL_RESOLUTION', 'Resolution Championship Series', 'Resolution', '2021-04-04 06:16:45', 'ceg', NULL, NULL);
INSERT INTO event_group VALUES ('TSL_SOUTHERN_CALIFORNIA', 'Southern California Tournament', 'Southern California', '2021-04-04 06:16:45', 'ceg', NULL, NULL);
INSERT INTO event_group VALUES ('TSL_STEAMPUNK', 'Steampunk Invitational', 'Steampunk Invitational', '2021-04-04 06:16:45', 'ceg', NULL, NULL);
INSERT INTO event_group VALUES ('TSL_SUNCRUSHER', 'Suncrusher', 'Suncrusher', '2021-04-04 06:16:45', 'ceg', NULL, NULL);
INSERT INTO event_group VALUES ('TSL_UNDERGROUND', 'Underground Fight Series', 'Underground', '2021-04-04 06:16:45', 'ceg', NULL, NULL);
INSERT INTO event_group VALUES ('TSL_WIZARD_WORLD_CHICAGO', 'Wizard World Chicago', 'Wizard World Chicago', '2021-04-04 06:16:45', 'ceg', NULL, NULL);
INSERT INTO event_group VALUES ('TSL_WIZARD_WORLD_COLUMBUS', 'Wizard World Columbus', 'Wizard World Columbus', '2021-04-04 06:16:45', 'ceg', NULL, NULL);
INSERT INTO event_group VALUES ('TSL_WORLDS', 'TSL World Championshops', 'TSL Worlds', '2021-04-04 06:16:45', 'ceg', NULL, NULL);
INSERT INTO "event" VALUES ('1', 'TSL_ARMAGEDDON', 'Armageddon I ', NULL, NULL, 'USA', 'MN', '{}', TRUE, NULL, '2017-03-31 00:00:01', '2017-03-31 11:59:01', '2021-04-04 12:07:36', 'ceg', NULL, NULL);
INSERT INTO "event" VALUES ('2', 'TSL_ARMAGEDDON', 'Armageddon II', NULL, NULL, 'USA', 'MN', '{}', TRUE, NULL, NULL, NULL, '2021-04-04 11:19:09', 'ceg', NULL, NULL);
INSERT INTO "event" VALUES ('3', 'TSL_ARMAGEDDON', 'Armageddon III', NULL, NULL, 'USA', 'MN', '{}', TRUE, NULL, NULL, NULL, '2021-04-04 11:19:09', 'ceg', NULL, NULL);
INSERT INTO "event" VALUES ('4', 'TSL_AWAKENING', 'Awakening I', NULL, NULL, 'USA', 'MN', '{}', TRUE, NULL, NULL, NULL, '2021-04-04 11:19:09', 'ceg', NULL, NULL);
INSERT INTO "event" VALUES ('5', 'TSL_BATTLEGROUND', 'Battleground I', NULL, NULL, 'USA', 'MN', '{}', TRUE, NULL, NULL, NULL, '2021-04-04 11:45:42', 'ceg', NULL, NULL);
INSERT INTO "event" VALUES ('6', 'TSL_BATTLEGROUND', 'Battleground II', NULL, NULL, 'USA', 'MN', '{}', TRUE, NULL, NULL, NULL, '2021-04-04 11:45:42', 'ceg', NULL, NULL);
INSERT INTO "event" VALUES ('7', 'TSL_BATTLE_OF_CHAMPIONS ', 'Battle of Champions I ', NULL, NULL, 'USA', 'MN', '{}', TRUE, NULL, NULL, NULL, '2021-04-04 11:45:42', 'ceg', NULL, NULL);
INSERT INTO "event" VALUES ('8', 'TSL_BATTLE_OF_CHAMPIONS ', 'Battle of Champions II', NULL, NULL, 'USA', 'MN', '{}', TRUE, NULL, NULL, NULL, '2021-04-04 11:45:42', 'ceg', NULL, NULL);
INSERT INTO "event" VALUES ('9', 'TSL_BATTLE_OF_CHAMPIONS ', 'Battle of Champions III', NULL, NULL, 'USA', 'MN', '{}', TRUE, NULL, NULL, NULL, '2021-04-04 11:45:42', 'ceg', NULL, NULL);
INSERT INTO "event" VALUES ('10', 'TSL_BEAST_COAST_BRAWL ', 'Beast Coast Brawl I', NULL, NULL, 'USA', 'MD', '{}', TRUE, NULL, NULL, NULL, '2021-04-04 11:45:42', 'ceg', NULL, NULL);
INSERT INTO "event" VALUES ('11', 'TSL_BEAST_COAST_BRAWL ', 'Beast Coast Brawl II', NULL, NULL, 'USA', 'MD', '{}', FALSE, NULL, NULL, NULL, '2021-04-04 11:45:42', 'ceg', NULL, NULL);
INSERT INTO "event" VALUES ('12', 'TSL_CROSSROADS', 'Crossroads', NULL, NULL, 'USA', 'OH', '{}', TRUE, NULL, NULL, NULL, '2021-04-04 11:09:29', 'ceg', NULL, NULL);
INSERT INTO "event" VALUES ('13', 'TSL_CROSSROADS', 'Crossroads II', NULL, NULL, 'USA', 'OH', '{}', TRUE, NULL, NULL, NULL, '2021-04-04 11:09:29', 'ceg', NULL, NULL);
INSERT INTO "event" VALUES ('14', 'TSL_CRUSHXOTICA', 'CrushXotica I', NULL, NULL, 'USA', 'FL', '{}', TRUE, NULL, NULL, NULL, '2021-04-04 11:09:29', 'ceg', NULL, NULL);
INSERT INTO "event" VALUES ('15', 'TSL_CRUSHXOTICA', 'CrushXotica II', NULL, NULL, 'USA', 'FL', '{}', FALSE, NULL, NULL, NULL, '2021-04-04 11:09:29', 'ceg', NULL, NULL);
INSERT INTO "event" VALUES ('16', 'TSL_DARKWATCH', 'Darkwatch I', NULL, NULL, 'USA', 'CA', '{}', TRUE, NULL, NULL, NULL, '2021-04-04 11:41:06', 'ceg', NULL, NULL);
INSERT INTO "event" VALUES ('17', 'TSL_DARKWATCH', 'Darkwatch II', NULL, NULL, 'USA', 'CA', '{}', TRUE, NULL, NULL, NULL, '2021-04-04 11:41:06', 'ceg', NULL, NULL);
INSERT INTO "event" VALUES ('18', 'TSL_DARKWATCH', 'Darkwatch III', NULL, NULL, 'USA', 'CA', '{}', TRUE, NULL, NULL, NULL, '2021-04-04 11:41:06', 'ceg', NULL, NULL);
INSERT INTO "event" VALUES ('19', 'TSL_DARKWATCH', 'Darkwatch IV', NULL, NULL, 'USA', 'CA', '{}', TRUE, NULL, NULL, NULL, '2021-04-04 11:41:06', 'ceg', NULL, NULL);
INSERT INTO "event" VALUES ('20', 'TSL_DARKWATCH', 'Darkwatch V', NULL, NULL, 'USA', 'CA', '{}', TRUE, NULL, NULL, NULL, '2021-04-04 11:41:06', 'ceg', NULL, NULL);
INSERT INTO "event" VALUES ('21', 'TSL_DARKWATCH', 'Darkwatch VI', NULL, NULL, 'USA', 'CA', '{}', TRUE, NULL, NULL, NULL, '2021-04-04 11:41:06', 'ceg', NULL, NULL);
INSERT INTO "event" VALUES ('22', 'TSL_FLORIDA_CUP', 'Florida Cup', NULL, NULL, 'USA', 'FL', '{}', TRUE, NULL, NULL, NULL, '2021-04-04 11:41:06', 'ceg', NULL, NULL);
INSERT INTO "event" VALUES ('23', 'TSL_MEXICO_OPEN', 'Mexico Open', NULL, NULL, 'MEX', '', '{}', TRUE, NULL, NULL, NULL, '2021-04-04 11:41:06', 'ceg', NULL, NULL);
INSERT INTO "event" VALUES ('24', 'TSL_RAGNAROK', 'Ragnarok', NULL, NULL, 'USA', 'MN', '{}', TRUE, NULL, NULL, NULL, '2021-04-04 11:33:15', 'ceg', NULL, NULL);
INSERT INTO "event" VALUES ('25', 'TSL_RESOLUTION', 'Resolution I', NULL, NULL, 'USA', 'MN', '{}', TRUE, NULL, NULL, NULL, '2021-04-04 11:42:39', 'ceg', NULL, NULL);
INSERT INTO "event" VALUES ('26', 'TSL_RESOLUTION', 'Resolution II', NULL, NULL, 'USA', 'MN', '{}', TRUE, NULL, NULL, NULL, '2021-04-04 11:41:52', 'ceg', NULL, NULL);
INSERT INTO "event" VALUES ('27', 'TSL_RESOLUTION', 'Resolution III', NULL, NULL, 'USA', 'MN', '{}', TRUE, NULL, NULL, NULL, '2021-04-04 11:41:52', 'ceg', NULL, NULL);
INSERT INTO "event" VALUES ('28', 'TSL_RESOLUTION', 'Resolution IV', NULL, NULL, 'USA', 'MN', '{}', TRUE, NULL, NULL, NULL, '2021-04-04 11:41:52', 'ceg', NULL, NULL);
INSERT INTO "event" VALUES ('29', 'TSL_SOUTHERN_CALIFORNIA', 'Southern California 1', NULL, NULL, 'USA', 'CA', '{}', TRUE, NULL, NULL, NULL, '2021-04-04 11:47:20', 'ceg', NULL, NULL);
INSERT INTO "event" VALUES ('30', 'TSL_SOUTHERN_CALIFORNIA', 'Southern California 2', NULL, NULL, 'USA', 'CA', '{}', TRUE, NULL, NULL, NULL, '2021-04-04 11:47:20', 'ceg', NULL, NULL);
INSERT INTO "event" VALUES ('31', 'TSL_STEAMPUNK', 'Steampunk Invitational 1', NULL, NULL, 'USA', 'CA', '{}', TRUE, NULL, NULL, NULL, '2021-04-04 11:49:10', 'ceg', NULL, NULL);
INSERT INTO "event" VALUES ('32', 'TSL_STEAMPUNK', 'Steampunk Invitational 2', NULL, NULL, 'USA', 'CA', '{}', TRUE, NULL, NULL, NULL, '2021-04-04 11:49:10', 'ceg', NULL, NULL);
INSERT INTO "event" VALUES ('33', 'TSL_STEAMPUNK', 'Steampunk Invitational 3', NULL, NULL, 'USA', 'CA', '{}', TRUE, NULL, NULL, NULL, '2021-04-04 11:49:10', 'ceg', NULL, NULL);
INSERT INTO "event" VALUES ('34', 'TSL_SUNCRUSHER', 'Suncrusher I', NULL, NULL, 'USA', 'FL', '{}', TRUE, NULL, NULL, NULL, '2021-04-04 11:41:06', 'ceg', NULL, NULL);
INSERT INTO "event" VALUES ('35', 'TSL_SUNCRUSHER', 'Suncrusher II', NULL, NULL, 'USA', 'FL', '{}', TRUE, NULL, NULL, NULL, '2021-04-04 11:41:06', 'ceg', NULL, NULL);
INSERT INTO "event" VALUES ('36', 'TSL_SUNCRUSHER', 'Suncrusher III', NULL, NULL, 'USA', 'FL', '{}', TRUE, NULL, NULL, NULL, '2021-04-04 11:41:06', 'ceg', NULL, NULL);
INSERT INTO "event" VALUES ('37', 'TSL_UNDERGROUND', 'Underground I', NULL, NULL, 'USA', '', '{}', TRUE, NULL, NULL, NULL, '2021-04-04 11:41:06', 'ceg', NULL, NULL);
INSERT INTO "event" VALUES ('38', 'TSL_UNDERGROUND', 'Underground 2 ', NULL, NULL, 'USA', '', '{}', TRUE, NULL, NULL, NULL, '2021-04-04 11:41:06', 'ceg', NULL, NULL);
INSERT INTO "event" VALUES ('39', 'TSL_UNDERGROUND', 'Underground 3', NULL, NULL, 'USA', '', '{}', FALSE, NULL, NULL, NULL, '2021-04-04 11:52:01', 'ceg', NULL, NULL);
INSERT INTO "event" VALUES ('40', 'TSL_WIZARD_WORLD_CHICAGO', 'Wizard World Chicago 2017', NULL, NULL, 'USA', 'IL', '{}', FALSE, NULL, NULL, NULL, '2021-04-04 11:52:01', 'ceg', NULL, NULL);
INSERT INTO "event" VALUES ('42', 'TSL_WIZARD_WORLD_COLUMBUS', 'Wizard World Columbus 2017', NULL, NULL, 'USA', 'OH', '{}', FALSE, NULL, NULL, NULL, '2021-04-04 11:52:01', 'ceg', NULL, NULL);
INSERT INTO "event" VALUES ('43', 'TSL_WORLDS', 'TSL World Championships I', NULL, NULL, 'USA', 'MN', '{}', FALSE, NULL, NULL, NULL, '2021-04-04 11:59:02', 'ceg', NULL, NULL);
INSERT INTO "event" VALUES ('44', 'TSL_WORLDS', 'TSL World Championships II', NULL, NULL, 'USA', 'NV', '{}', FALSE, NULL, NULL, NULL, '2021-04-04 11:52:01', 'ceg', NULL, NULL);
INSERT INTO "event" VALUES ('45', 'TSL_WORLDS', 'TSL World Championships III', NULL, NULL, 'USA', 'NV', '{}', FALSE, NULL, NULL, NULL, '2021-04-04 11:52:01', 'ceg', NULL, NULL);
INSERT INTO "event" VALUES ('46', 'TSL_WORLDS', 'TSL World Championships IV', NULL, NULL, 'USA', 'NV', '{}', FALSE, NULL, NULL, NULL, '2021-04-04 11:52:01', 'ceg', NULL, NULL);
INSERT INTO "event" VALUES ('47', 'TSL_WORLDS', 'TSL World Championships V', NULL, NULL, 'USA', 'NV', '{}', FALSE, NULL, NULL, NULL, '2021-04-04 11:52:01', 'ceg', NULL, NULL);

-- Align identity sequences with seeded primary keys

SELECT setval(pg_get_serial_sequence('country_lu', 'country_id'), COALESCE((SELECT MAX(country_id) FROM country_lu), 1));
SELECT setval(pg_get_serial_sequence('us_state_lu', 'id'), COALESCE((SELECT MAX(id) FROM us_state_lu), 1));
SELECT setval(pg_get_serial_sequence('secret_question_lu', 'secret_question_id'), COALESCE((SELECT MAX(secret_question_id) FROM secret_question_lu), 1));
SELECT setval(pg_get_serial_sequence('event', 'event_id'), COALESCE((SELECT MAX(event_id) FROM "event"), 1));